No,Keyword,Search Volume,CPC,Paid Difficulty,Search Difficulty
1,pumice stone for toilets,6600,$0.57,100,19
2,pumice stone to clean toilet,1900,$0.86,100,26
3,toilet bowl pumice stone,1900,$0.63,100,19
4,good pumice stone for feet,1300,$0.52,100,21
5,pumice stone pronunciation,1000,$0,1,14
6,pumice stone at home depot,1000,$0.13,100,13
7,how to sanitize pumice stone,1000,$0.07,3,24
8,pumice stone cleaner,880,$0.36,100,32
9,pumice stone for pool,880,$0.57,100,8
10,target pumice stone,720,$0.09,100,14
11,pumice stone natural,590,$0.48,100,35
12,where can i buy pumice stone,590,$0.40,100,12
13,what is a pumice stone used for,590,$0.31,30,21
14,pumice stone lowes,590,$0.15,100,12
15,pumice stone for plants,480,$0.45,100,21
16,pumice stone on face,390,$0.50,100,16
17,pumice stone remove hair,390,$0.43,100,21
18,pumice stone grill,390,$0.76,100,21
19,pumice stone cvs,390,$0.38,100,14
20,does pumice stone scratch toilet,390,$0.17,42,19
21,pumice stone meaning,390,$0,1,14
22,pumice stone for dog hair,320,$0.45,100,21
23,walgreens pumice stone,320,$0.23,100,13
24,pumice stone clean oven,320,$0.45,100,24
25,pumice stone lava,260,$0.41,100,34
26,what is a pumice stone made of,260,$0.53,13,28
27,foot file vs pumice stone,260,$0.41,100,21
28,cleaning toilet pumice stone,260,$0.72,100,22
29,pumice stone composition,260,$0,3,14
30,pumice stone dollar tree,260,$0.11,100,21
31,toilet pumice stone walmart,210,$0.16,100,16
32,where can i find pumice stone,210,$0.70,100,13
33,big pumice stone,210,$0.57,100,4
34,purple pumice stone,210,$0.27,100,9
35,lava rock vs pumice stone,210,$0.06,35,13
36,pumice stone for feet with handle,170,$0.38,100,16
37,pumice stone price,170,$0.37,23,12
38,toilet pumice stone with handle,170,$0.52,100,16
39,pumice stone foot scrubber,140,$0.63,100,16
40,bulk pumice stone,140,$1.46,100,9
41,pumice stone ace hardware,140,$0.19,100,13
42,pumice stone in shower,140,$0.60,100,26
43,how to clean toilet with pumice stone,140,$2,47,19
44,volcanic pumice stone,140,$0.61,100,4
45,where to buy a pumice stone for toilet,140,$0.34,100,16
46,pumice stone black,140,$0.42,100,4
47,pumice stone grill cleaning,140,$0.72,100,21
48,long handled pumice stone,110,$1.11,100,16
49,pumice stone toilet home depot,110,$0.10,100,13
50,pumice stone density,110,$0,1,16
51,pumice stone pool tile,110,$0.62,100,13
52,benefits of pumice stone,110,$0,33,16
53,cleaning oven with pumice stone,90,$0.22,28,22
54,pumice stone foot brush,90,$0.30,100,5
55,pumice stone for bathtub,90,$0.22,100,21
56,white pumice stone,90,$0.27,100,17
57,pumice stone for exfoliating,90,$1.13,100,21
58,pumice stone usage,90,$0,52,29
59,can you use pumice stone on glass,90,$0.01,3,22
60,best pumice stone for toilet,90,$0.98,100,19
61,where to buy a pumice stone for cleaning,90,$0.34,99,16
62,pumice stone for sale,90,$0.61,100,12
63,pumice stone dry or wet,90,$0,2,31
64,pumice stone pet hair,90,$0.46,100,21
65,pumice stone with brush,90,$0.51,100,5
66,pumice stone how to use,90,$0.15,35,31
67,how to use pumice stone on face,90,$2.70,2,21
68,pumice stone heels,90,$0.46,100,21
69,pumice stone for toilet lowe's,90,$0.37,100,12
70,pedicure pumice stone,90,$0.64,100,16
71,ulta pumice stone,70,$0.30,100,12
72,terracotta pumice stone,70,$0.26,100,4
73,what does pumice stone look like,70,$0.26,100,23
74,maryton pumice stone,70,$0.95,100,28
75,how to use pumice stone on blackstone,70,$0,1,24
76,pumice stone reddit,70,$0,5,19
77,pumice stone aquarium,70,$0.57,100,8
78,pumice stone toilet bowl,70,$0.66,100,19
79,does pumice stone damage toilet,70,$0,3,21
80,walmart pumice stone for toilet,70,$0.09,100,16
81,pumice stone for pet hair removal,70,$0.54,100,22
82,small pumice stone,70,$0.44,100,5
83,pumice stone bathtub,70,$0.26,100,19
84,pool pumice stone with handle,70,$0.50,100,16
85,pumice stone or foot file,70,$0.18,100,19
86,bath pumice stone,70,$0.55,100,5
87,pumice stone before and after,70,$0.04,18,22
88,pumice stone nearby,70,$0.22,100,13
89,pumice stone for grill cleaning,70,$0.58,100,19
90,pumice stone bath mat,70,$1.10,100,16
91,pumice stone in spanish,70,$0,1,13
92,pumice stone for concrete,70,$0.69,100,16
93,pumice stone hand callus,70,$0.46,100,21
94,pumice stone for hard water stains,70,$0.35,100,24
95,pumice stone color,70,$0,68,7
96,can you use a pumice stone on dry feet,70,$0,4,31
97,pumice stone blackstone,70,$0.34,100,22
98,large pumice stone for plants,70,$0.31,100,17
99,pumice stone for gardening,70,$0.29,100,19
100,body pumice stone,70,$1.25,100,11
101,is pumice stone safe for toilets,70,$0.82,34,16
102,pumice stone for blackstone,70,$0.46,100,21
103,how long does pumice stone last,70,$0,1,21
104,pumice stone on blackstone,70,$0.49,100,24
105,toilet cleaning pumice stone,70,$0.85,100,19
106,world's best pumice stone,50,$0.26,100,21
107,pumice stone feet amazon,50,$0.24,100,21
108,pumice stone shaving,50,$0.56,87,26
109,how to make pumice stone,50,$0,1,23
110,does pumice stone scratch glass,50,$0,1,21
111,equate colored pumice stone,50,$0,1,16
112,pumice stone pantone,50,$0,1,13
113,synthetic pumice stone,50,$0.28,100,5
114,amazon pumice stone toilet,50,$0.33,100,21
115,rite aid pumice stone,50,$0.30,100,12
116,pumice stone for drill,50,$0.40,100,16
117,pumice stone to clean pool tile,50,$0.76,100,7
118,pumice stone for cleaning toilet bowl,50,$0.74,100,19
119,dog grooming pumice stone,50,$0.47,100,11
120,pumice stone wholesale,50,$2.92,100,13
121,nail pumice stone,50,$0.28,100,16
122,pumice stone origin,50,$0,12,17
123,pumice stone kroger,50,$0.08,99,12
124,emery board or pumice stone,50,$0.88,100,16
125,foot scrubber for shower with pumice stone,50,$0.51,100,16
126,pumice stone for toilet near me,50,$0.23,99,14
127,pumice stone fingerprints,50,$0,1,18
128,pumice stone scrubber,50,$0.56,100,29
129,cracked heels pumice stone,50,$0.71,100,29
130,amazon pumice stone for feet,50,$0.71,100,34
131,pumice stone shower floor,50,$0.33,100,16
132,pumice stone electric,50,$0.41,100,18
133,home depot pumice stone toilet,50,$0.04,91,13
134,pumice stone planters,50,$0.30,100,16
135,pumice stone for car detailing,50,$0.31,100,21
136,dog ate pumice stone,50,$0,1,22
137,pumice stone for toilet how to use,50,$0.39,89,21
138,how long does a pumice stone last,50,$0,1,16
139,how to disinfect pumice stone,50,$0,1,24
140,how to clean oven with pumice stone,50,$0,1,23
141,can you use a pumice stone on your face,50,$0,1,19
142,diy pumice stone,50,$0,15,23
143,how to use pumice stone on heels,50,$0,14,31
144,is pumice stone good for feet,50,$0.78,20,19
145,pumice stone for stove top,50,$0.33,100,22
146,how to clean pumice stone with vinegar,50,$0,1,24
147,pumice stone alternative for toilet,50,$0.30,100,21
148,fire pit pumice stone,50,$0.62,100,21
149,does pumice stone scratch porcelain,50,$0,3,21
150,will pumice stone scratch glass,50,$0,1,19
151,meijer pumice stone,50,$0.05,100,11
152,pumice stone buy,50,$0.56,100,12
153,will a pumice stone scratch porcelain,50,$0,3,21
154,how to use blackstone pumice stone,50,$0.09,3,31
155,callus remover and pumice stone,50,$0.36,100,16
156,using pumice stone on toilet,50,$3.17,51,19
157,pumice stone body scrub,50,$0.53,100,11
158,pumice stone wand fire starter,50,$0.30,100,17
159,onyx pumice stone,50,$0.25,100,16
160,soft pumice stone,50,$0.42,100,5
161,pumice stone properties,40,$0,1,16
162,how to clean foot pumice stone,40,$0,6,24
163,pumice stone scratch toilet,40,$0.17,88,21
164,fine pumice stone,40,$0.70,100,7
165,pumice stone boulders,40,$0,99,27
166,sweater pumice stone,40,$0.49,100,19
167,pumice sponge vs pumice stone,40,$0,80,19
168,gilden tree pumice stone,40,$0.72,100,21
169,pumice stone scouring stick,40,$0.15,100,24
170,pumice stone in water,40,$0.06,48,23
171,pumice stone menards,40,$0.37,100,12
172,pumice stone hydroponics,40,$0.36,100,9
173,pumice stone and foot file,40,$0.48,100,16
174,can you use pumice stone on glass cooktop,40,$0,2,22
175,where to buy a pumice stone for feet,40,$0.57,100,16
176,blue pumice stone,40,$0.34,100,16
177,equate pumice stone,40,$0.06,100,18
178,pumice stone for callus removal,40,$0.37,100,22
179,does a pumice stone scratch porcelain,40,$0,1,21
180,pumice stone pros,40,$0,85,16
181,where to buy pumice stone for plants,40,$0.36,94,19
182,can you clean a pumice stone,40,$0,1,22
183,best pumice stone for pool tile,40,$0.51,97,5
184,pumice stone soap,40,$1.58,100,4
185,pumice stone for sale near me,40,$0.28,100,13
186,best pumice stone for corns,40,$0.85,100,21
187,what color is pumice stone,40,$0,2,8
188,pumice stone holder,40,$0.57,100,7
189,pumice stone wart removal,40,$0,97,35
190,pumice stone for feet nearby,40,$0.19,100,16
191,battery operated pumice stone for feet,40,$0.36,100,16
192,can you use pumice stone on body,40,$0,1,21
193,pumice stone for pool cleaning,40,$0.52,100,8
194,pumice stone on glass,40,$0.36,98,21
195,dr scholl pumice stone,40,$0.25,100,14
196,menards pumice stone,40,$0.26,100,12
197,ecotools pumice stone,40,$0.17,100,16
198,best pumice stone for calluses,40,$0.51,100,19
199,pumice stone for clothes,40,$0.23,88,18
200,pumice stone for stretch marks,40,$0.43,91,22
201,siliglass pumice stone,40,$0.27,100,13
202,pumice stone on glass stove top,40,$0.54,97,22
203,how to use a pumice stone for cleaning,40,$0,5,23
204,pumice stone fire starter,40,$0.72,100,17
205,how often to replace pumice stone,40,$0,1,19
206,how to pronounce pumice stone,40,$0,1,14
207,what is pumice stone made out of,40,$0.12,20,24
208,pumice stone gardening,40,$0.30,100,21
209,how to clean with pumice stone,40,$0.31,26,22
210,pumice stone oven,40,$0.26,98,22
211,how to use pumice stone toilet,40,$0.01,9,19
212,bulk pumice stone for sale,40,$1.09,100,9
213,how to clean a pumice stone for feet,40,$0.43,38,23
214,pumice stone for toes,40,$0.41,100,16
215,ground pumice stone,30,$0.15,90,3
216,pumice stone for ingrown hair,30,$0.43,98,19
217,is it safe to use pumice stone on toilet,30,$0,1,16
218,does pumice stone work on feet,30,$0,17,11
219,pumice stone cuticle pusher,30,$0.20,100,9
220,organic pumice stone,30,$0.82,100,4
221,pumice stone on stainless steel,30,$0,20,21
222,pumice stone for face hair removal,30,$0.53,100,21
223,pumice stone dead skin,30,$0.46,100,31
224,how to use pumice stone for cleaning,30,$0,10,21
225,pumice stone what is it,30,$0.36,22,23
226,griddle brick pumice stone,30,$0.62,100,13
227,pumice stone to clean grout,30,$1.30,73,21
228,substitute for pumice stone,30,$0,25,16
229,pumice stone for cuticles,30,$0.47,100,19
230,pumice stone co,30,$0,64,3
231,pumice stone pool cleaning,30,$0.66,100,8
232,pumice stone for pool tile cleaning,30,$0.68,100,13
233,glass foot file vs pumice stone,30,$0.47,93,18
234,horticultural pumice stone,30,$0.40,100,13
235,heavy duty pumice stone,30,$0.63,100,21
236,pumice stone bathroom cleaner,30,$0.30,100,32
237,pumice stone elbows,30,$0.72,100,18
238,long handled pumice stone for feet,30,$0.23,100,8
239,pool pumice stone for drill,30,$0.67,100,16
240,pumice stone grinding wheel,30,$0.54,100,7
241,pumice stone trader idv,30,$0,1,21
242,pumice stone diabetes,30,$0,18,26
243,pumice stone wiki,30,$0,1,19
244,pumice stone on tile,30,$0.41,100,19
245,pumice stone paint color,30,$0.48,80,32
246,pumice stone plants,30,$0.28,100,21
247,pumice stone sponge,30,$0.34,100,8
248,pumice stone block,30,$0.66,100,7
249,pumice stone uses for skin,30,$0.54,46,31
250,pumice stone toilet target,30,$0.37,100,19
251,large pumice stone for landscaping,30,$0.35,100,19
252,how to clean a toilet with pumice stone,30,$0,5,21
253,pumice stone kitchen,30,$0.16,100,16
254,what pumice stone,30,$0,71,21
255,pumice stone with nail brush,30,$1.04,100,4
256,pumice stone for chinchilla,30,$0.43,100,17
257,pumice stone drill bit,30,$0.31,100,18
258,pumice stone philippines,30,$0.32,40,13
259,pumice stone publix,30,$0.26,100,12
260,pumice stone beads,30,$0.46,100,9
261,is pumice stone toxic,30,$0,1,16
262,pumice stone h e b,30,$0.15,100,11
263,pumice stone eating,30,$0,1,21
264,where to find pumice stone in walmart,30,$0.32,92,16
265,pumice stone on glass shower door,30,$0.42,93,22
266,where to buy pumice stone for cleaning toilets,30,$0.29,100,18
267,how to clean toilet bowl with pumice stone,30,$0.79,95,19
268,scouring stick vs pumice stone,30,$0.46,100,21
269,pumice stone for keratosis pilaris,30,$0.37,95,28
270,does pumice stone remove dog hair,30,$0,22,22
271,how to use a pumice stone to clean toilet,30,$0,4,22
272,how to pumice stone feet,30,$0.27,3,31
273,the best pumice stone for feet,30,$0.67,100,14
274,pumice stone for feet walgreens,30,$0.10,100,13
275,pumice stone for pool calcium,30,$0.64,100,16
276,round pumice stone,30,$0.43,100,5
277,pumice stone mat,30,$0.51,100,17
278,maryton foot pumice stone,30,$0.64,100,28
279,will a pumice stone scratch glass,30,$0,1,22
280,pumice stone for feet shower,30,$0.16,100,9
281,pumice stone for feet cvs,30,$0.47,100,29
282,pumice stone trim,30,$0.21,72,16
283,pumice stone for toilet bowl cleaning,30,$1.99,100,19
284,pumice stone to clean tile,30,$1.01,100,13
285,will a pumice stone scratch my toilet,30,$0.19,6,19
286,will a pumice stone damage a toilet,30,$0,1,17
287,when to use pumice stone on blackstone,30,$0,1,23
288,small pumice stone for between toes,30,$0.38,100,16
289,pumice stone where to buy,30,$0.32,100,16
290,pumice stone cheap,30,$0.77,100,17
291,pumice stone for plants near me,30,$0.21,100,13
292,pumice stone car detailing,30,$0.48,91,19
293,pumice stone floating on water,30,$0.52,45,23
294,etched glass pumice stone,30,$0.17,100,16
295,sun haven pumice stone,30,$0,1,16
296,how to use pumice stone on griddle,30,$0,1,23
297,is a pumice stone good for feet,30,$0,21,19
298,pumice stone mountain,30,$0,17,11
299,pumice stone stretch marks,30,$0,3,22
300,picking pumice stone,30,$0.29,100,21
301,how to sanitize a pumice stone,30,$0,1,23
302,pumice stone for cleaning porcelain,30,$0.43,100,19
303,whole foods pumice stone,30,$1.45,100,12
304,will pumice stone scratch oven,30,$0,1,24
305,pumice stone to remove dog hair,30,$0.62,100,21
306,what can you clean with a pumice stone,20,$0,17,11
307,how pumice stone is made,20,$0,1,5
308,can you clean an oven with a pumice stone,20,$0,3,6
309,is pumice stone or foot file better,20,$0,34,16
310,pumice stone on dry feet,20,$0,95,34
311,what can i use instead of a pumice stone,20,$0,1,5
312,pumice stone vs callus remover,20,$0,15,10
313,replacement for pumice stone,20,$0,86,31
314,pumice stone art,20,$0,31,23
315,pumice stone in ocean,20,$0,1,5
316,does pumice stone remove dead skin,20,$0,21,12
317,can pumice stone remove hair permanently,20,$0,5,7
318,pumice stone purpose,20,$0,4,15
319,why does pumice stone float in water,20,$0,1,5
320,pumice stone para que sirve,20,$0,11,9
321,scrubbing feet with pumice stone,20,$0,94,34
322,pumice stone on corn,20,$0,75,28
323,pumice stone smells bad,20,$0,1,5
324,pumice stone on oven glass,20,$0,17,11
325,can pumice stone be disinfected,20,$0,1,5
326,pumice stone boots,20,$0,60,32
327,does pumice stone dissolve in water,20,$0,1,5
328,can you use pumice stone on bathtub,20,$0,3,6
329,can you clean pumice stone,20,$0,1,6
330,pumice stone rash,20,$0,52,29
331,what is the pumice stone used for,20,$0,33,15
332,will pumice stone scratch stainless steel,20,$0,1,5
333,what to use if you don't have a pumice stone,10,$0,1,5
334,cleaning griddle with pumice stone,10,$0,34,16
335,what can pumice stone be used for,10,$0,8,8
336,pumice stone drawing,10,$0,28,22
337,pumice stone on cast iron,10,$0,32,15
338,pumice stone big w,10,$0,1,5
339,pumice stone pakistan,10,$0,1,13
340,pumice stone doesn't work,10,$0,1,5
341,is pumice stone natural,10,$0,75,28
342,importance of pumice stone,10,$0,1,5
343,pumice stone tools or equipment,10,$0,50,21
344,best pumice stone for feet in india,10,$0,1,5
345,best pumice stone for feet australia,10,$0,1,5
346,is pumice stone good for cleaning toilets,10,$0,30,15
347,pumice stone verruca,10,$0,1,13
348,pumice stone in marathi,10,$0,1,5
349,pumice stone rate,10,$0,1,13
350,pumice stone meaning in bengali,10,$0,1,5
351,pumice stone example,10,$0,1,13
352,cleaning stove grates with pumice stone,10,$0,90,33
353,pumice stone what is it used for,10,$0,11,9
354,pumice stone spiritual meaning,10,$0,1,5
355,pumice stone meaning in hindi,10,$0,1,5
356,pumice stone toilet cleaner uk,10,$0,1,5
357,pumice stone weight,10,$0,56,30
358,how pumice stone is formed,10,$0,1,5
359,pumice stone cat litter,10,$0,1,5
360,pumice stone feet how to use,10,$0,1,5
361,pumice stone turkey,10,$0,50,29
362,pumice stone vs sponge,10,$0,1,5
363,pumice stone tesco,10,$0,1,13
364,pumice stone aquascape,10,$0,64,33
365,where is pumice stone found in india,10,$0,1,5
366,how to clean an oven with a pumice stone,10,$0,1,6
367,pumice stone lava rock,10,$0,98,35
368,alternative for pumice stone,10,$0,14,10
369,how to clean a grill with a pumice stone,10,$0,1,5
370,pumice stone made up of,10,$0,1,5
371,pumice stone for washing jeans,10,$0,90,33
372,pumice stone msds,10,$0,3,14
373,pumice stone sea,10,$0,1,13
374,pumice stone greek,10,$0,1,13
375,pumice stone chemist warehouse,10,$0,1,5
376,pumice stone australia,10,$0,1,13
377,pumice stone how to use on feet,10,$0,15,10
378,what pumice stone made out of,10,$0,1,5
379,what is pumice stone good for,10,$0,49,20
380,pumice stone limescale toilet,10,$0,1,5
381,remove corn with pumice stone,10,$0,1,5
382,pumice stone in nature,10,$0,50,21
383,how to clean toilet ring with pumice stone,10,$0,19,11
384,where to use pumice stone,10,$0,2,6
385,pumice stone bunnings,10,$0,1,13
386,pumice stone price in pakistan,10,$0,1,5
387,pumice stone vs seachem matrix,10,$0,1,5
388,pumice stone texture,10,$0,40,26
389,pumice stone london drugs,10,$0,1,5
390,does pumice stone remove hair permanently,10,$0,1,5
391,pumice stone not working on feet,10,$0,1,5
392,pumice stone alternative for feet,10,$0,70,27
393,pumice stone uk,10,$0,1,13
394,what grit is pumice stone,10,$0,31,15
395,pumice stone tamil,10,$0,1,13
396,pumice stone buy online,10,$0,1,5
397,pumice stone instructions,10,$0,30,23
398,why pumice stone is used,10,$0,1,5
399,vega pumice stone review,10,$0,1,5
400,pumice stone video,10,$0,1,13
401,pumice stone keratosis pilaris,10,$0,71,27
402,pumice stone asmr,10,$0,1,13
403,pumice stone is which type of rock,10,$0,1,5
404,who discovered pumice stone,0,$0,1,4
405,pumice stone for tub,0,$0,1,4
406,how to use pumice stone on bathtub,0,$0,1,4
407,pumice stone and cleaning,0,$0,1,4
408,does pumice stone sink or float,0,$0,1,4
409,pumice stone sink or float,0,$0,1,4
410,oven cleaning pumice stone,0,$0,1,4
411,pumice stone for aquariums,0,$0,1,4
412,pumice stone everyday,0,$0,1,12
413,pumice stone results,0,$0,1,12
414,what is pumice stone in arabic,0,$0,1,4
415,pumice stone slabs,0,$0,1,12
416,how much is pumice stone,0,$0,1,4
417,pumice stone in garden soil,0,$0,1,4
418,moroccan clay pumice stone,0,$0,1,4
419,pumice stone cleaning uses,0,$0,1,4
420,home pedicure pumice stone,0,$0,1,4
421,replace pumice stone,0,$0,1,12
422,pumice stone foot rock,0,$0,1,4
423,pumice stone for peeling feet,0,$0,1,4
424,pumice stone for feet at home,0,$0,1,4
425,beauty supply store pumice stone,0,$0,1,4
426,3 uses of pumice stone,0,$0,1,4
427,100 natural pumice stone,0,$0,1,4
428,pumice stone or nail file,0,$0,1,4
429,clean pumice stone shower,0,$0,1,4
430,what is an alternative to pumice stone,0,$0,1,4
431,pumice stone gnats,0,$0,1,12
432,large pedicure pumice stone,0,$0,1,4
433,pumice stone scratching asmr,0,$0,1,4
434,pumice stone asmr eating,0,$0,1,4
435,pumice stone review malayalam,0,$0,1,4
436,pumice stone crunch,0,$0,1,12
437,pumice stone sinhala,0,$0,1,12
438,can pumice stone float,0,$0,1,4
439,remove dog hair with pumice stone,0,$0,1,4
440,callus treatment pumice stone,0,$0,1,4
441,pumice stone on stove grates,0,$0,1,4
442,gilden tree pumice stone for feet,0,$0,1,4
443,pumice stone feet pedicure,0,$0,1,4
444,pumice stone for feet vs foot file,0,$0,1,4
445,pumice stone for feet instructions,0,$0,1,4
446,why pumice stone is added,0,$0,1,4
447,who can use pumice stone,0,$0,1,4
448,pumice stone use as,0,$0,1,4
449,how to exfoliate your feet without a pumice stone,0,$0,1,4
450,foot stone pumice stone,0,$0,1,4
451,pumice stone for plants bunnings,0,$0,1,4
452,pumice stone for aquarium plants,0,$0,1,4
453,pumice stone manufacturer,0,$0,1,12
454,what is pumice stone in tagalog,0,$0,1,4
455,pumice stone rough skin,0,$0,1,4
456,pumice stone glove,0,$0,1,12
457,pumice stone zimbabwe,0,$0,1,12
458,pumice stone and water,0,$0,1,4
459,pumice stone to clean stove grates,0,$0,1,4
460,can pumice stone remove corns,0,$0,1,4
461,pumice stone experiment,0,$0,1,12
462,substitute to pumice stone,0,$0,1,4
463,definition for pumice stone,0,$0,1,4
464,pumice stone bacteria,0,$0,1,12
465,pumice stone uses on face,0,$0,1,4
466,pumice stone co to znaczy,0,$0,1,4
467,is pumice stone heavy,0,$0,1,4
468,pumice stone zepto,0,$0,1,12
469,where to store pumice stone,0,$0,1,4
470,pumice stone remove dead skin,0,$0,1,4
471,of pumice stone,0,$0,1,12
472,pumice stone kmart australia,0,$0,1,4
473,what pumice stone good for,0,$0,1,4
474,pumice stone hair removal in tamil,0,$0,1,4
475,pumice stone review in tamil,0,$0,1,4
476,pumice stone pathar,0,$0,1,12
477,pumice stone for feet price in pakistan,0,$0,1,4
478,pumice stone volcanic,0,$0,1,12
479,will pumice stone scratch granite,0,$0,1,4
480,clean shower pumice stone,0,$0,1,4
481,can you disinfect a pumice stone,0,$0,1,4
482,can you use pumice stone on pool tile,0,$0,1,4
483,pumice stone with diabetes,0,$0,1,4
484,will pumice stone scratch ceramic tile,0,$0,1,4
485,toilet cleaning with pumice stone,0,$0,1,4
486,pumice stone que veut dire,0,$0,1,4
487,pumice stone not working on toilet,0,$0,1,4
488,where to buy pumice stone in australia,0,$0,1,4
489,yellow blue pumice stone,0,$0,1,4
490,pumice stone value,0,$0,1,12
491,pumice stone and cleaner,0,$0,1,4
492,nail cleaning brush and pumice stone,0,$0,1,4
493,calluses with a pumice stone,0,$0,1,4
494,pumice stone vs scouring stick,0,$0,1,4
495,pumice stone toilet near me,0,$0,1,4
496,what kind of rock is pumice stone,0,$0,1,4
497,what is the pumice stone made out of,0,$0,1,4
498,pumice stone on tub,0,$0,1,4
499,strawberry legs pumice stone,0,$0,1,4
500,burning pumice stone,0,$0,1,12
501,heal pumice stone,0,$0,1,12
502,pumice stone long handled,0,$0,1,4
503,wart removal with pumice stone,0,$0,1,4
504,pumice stone picker,0,$0,1,12
505,what pumice stone mean,0,$0,1,4
506,razor pumice stone,0,$0,1,12
507,pumice stone athlete's foot reddit,0,$0,1,4
508,pumice stone on toes,0,$0,1,4
509,will pumice stone scratch my porcelain toilet,0,$0,1,4
510,pumice stone nedir ne işe yarar,0,$0,1,4
511,pumice stone p99,0,$0,1,12
512,pumice stone body hair removal,0,$0,1,4
513,how to use pumice stone on feet in tamil,0,$0,1,4
514,how to clean an oven with pumice stone,0,$0,1,4
515,pumice stone nairobi,0,$0,1,12
516,will pumice stone float in water,0,$0,1,4
517,pool pumice stone reviews,0,$0,1,4
518,what does a pumice stone do for a blackstone grill,0,$0,1,4
519,pet hair remover pumice stone,0,$0,1,4
520,pumice stone good or bad,0,$0,1,4
521,what is pumice stone chemical formula,0,$0,1,4
522,is pumice stone toxic to dogs,0,$0,1,4
523,pumice stone to clean,0,$0,1,4
524,pumice stone ncert,0,$0,1,12
525,will pumice stone scratch bathtub,0,$0,1,4
526,how to clean toilet bowl ring with pumice stone,0,$0,1,4
527,shop pumice stone,0,$0,1,12
528,scrubbing skin with pumice stone,0,$0,1,4
529,callus without pumice stone,0,$0,1,4
530,water and pumice stone,0,$0,1,4
531,how to clean a toilet bowl with pumice stone,0,$0,1,4
532,what's better than a pumice stone,0,$0,1,4
533,only pumice stone jas,0,$0,1,4
534,pumice stone on your face,0,$0,1,4
535,pumice stone 4f,0,$0,1,12
536,is pumice stone food safe,0,$0,1,4
537,can pumice stone be used on stainless steel,0,$0,1,4
538,how to clean stove grates with pumice stone,0,$0,1,4
539,pumice stone cleaning dog hair,0,$0,1,4
540,pumice stone for feet and skin,0,$0,1,4
541,can pumice stone be used on porcelain,0,$0,1,4
542,pumice stone pedicure wholesale,0,$0,1,4
543,pumice stone to remove fingerprints,0,$0,1,4
544,pumice stone pros.com,0,$0,1,12
545,pumice stone road,0,$0,1,12
546,pumice stone 1197,0,$0,1,12
547,pumice stone use on face,0,$0,1,4
548,callus remover vs pumice stone,0,$0,1,4
549,pumice stone toilet youtube,0,$0,1,4
550,why is my pumice stone not working,0,$0,1,4
551,pumice stone lietuviskai,0,$0,1,12
552,pumice stone explanation,0,$0,1,12
553,pumice stone jacka,0,$0,1,12
554,how do you sanitize a pumice stone,0,$0,1,4
555,pumice stone for your skin,0,$0,1,4
556,pumice stone with quartz,0,$0,1,4
557,pumice stone and,0,$0,1,12
558,what is pumice stone spanish,0,$0,1,4
559,how often change pumice stone,0,$0,1,4
560,pumice stone soap recipe,0,$0,1,4
561,pumice stone jumia,0,$0,1,12
562,pumice stone qatar,0,$0,1,12
563,who to use pumice stone,0,$0,1,4
564,how clean pumice stone,0,$0,1,4
565,can pumice stone clean grout,0,$0,1,4
566,how to use purple pumice stone,0,$0,1,4
567,how to use a pumice stone toilet,0,$0,1,4
568,rust stains pumice stone,0,$0,1,4
569,cleaning glass stove top with pumice stone,0,$0,1,4
570,pumice stone with definition,0,$0,1,4
571,pumice stone toilet tamil,0,$0,1,4
572,pumice stone water,0,$0,1,12
573,pumice stone vs rasp,0,$0,1,4
574,professional pumice stone for feet,0,$0,1,4
575,pumice stone for feet reviews,0,$0,1,4
576,pumice stone for feet coles,0,$0,1,4
577,how to use lava pumice stone,0,$0,1,4
578,how much pumice stone to add to soap,0,$0,1,4
579,when to change pumice stone,0,$0,1,4
580,what is mean by pumice stone,0,$0,1,4
581,what is in a pumice stone,0,$0,1,4
582,pumice stone equivalent,0,$0,1,12
583,pedicure set pumice stone,0,$0,1,4
584,pumice stone suppliers in pakistan,0,$0,1,4
585,pumice stone lidl,0,$0,1,12
586,how to get rid of calluses with pumice stone,0,$0,1,4
587,how to get rid of callus without pumice stone,0,$0,1,4
588,plantar warts pumice stone,0,$0,1,4
589,pumice stone makes feet worse,0,$0,1,4
590,pumice stone alcohol stove,0,$0,1,4
591,pumice stone and warts,0,$0,1,4
592,do hamsters like pumice stone,0,$0,1,4
593,pumice stone vs magic eraser,0,$0,1,4
594,pumice stone kya hai,0,$0,1,4
595,pumice stone company,0,$0,1,12
596,pumice stone vs lava rock for fire pit,0,$0,1,4
597,pumice stone how do you say,0,$0,1,4
598,pumice stone raw,0,$0,1,12
599,toilet bowl pumice stone with handle,0,$0,1,4
600,pumice stone yard,0,$0,1,12
601,pumice stone and porcelain,0,$0,1,4
602,pumice stone use hands,0,$0,1,4
603,pumice stone for feet priceline,0,$0,1,4
604,pumice stone foot fungus,0,$0,1,4
605,pumice stone for feet kroger,0,$0,1,4
606,pumice stone for feet kmart,0,$0,1,4
607,pumice stone for feet sainsbury's,0,$0,1,4
608,is pumice stone good for your feet,0,$0,1,4
609,pumice stone is used in pedicuring as,0,$0,1,4
610,pumice stone manufacturing,0,$0,1,12
611,pumice stone hair removal in telugu,0,$0,1,4
612,pumice stone uses telugu,0,$0,1,4
613,pumice stone jose zuniga,0,$0,1,4
614,dwella pumice stone review in tamil,0,$0,1,4
615,pumice stone uses in kannada,0,$0,1,4
616,what is a pumice stone head for,0,$0,1,4
617,pumice stone single use,0,$0,1,4
618,to clean pumice stone,0,$0,1,4
619,will pumice stone spread wart,0,$0,1,4
620,pumice stone clicks,0,$0,1,12
621,pumice stone realty,0,$0,1,12
622,is pumice stone a colloid,0,$0,1,4
623,do you need to clean a pumice stone,0,$0,1,4
624,hand callus pumice stone,0,$0,1,4
625,car detailing with pumice stone,0,$0,1,4
626,can guinea pigs have pumice stone,0,$0,1,4
627,pumice stone beauty supply store,0,$0,1,4
628,can you sanitize a pumice stone,0,$0,1,4
629,sharpen knife with pumice stone,0,$0,1,4
630,can you use a pumice stone on pool tile,0,$0,1,4
631,pedicure kit pumice stone,0,$0,1,4
632,pumice stone etsy,0,$0,1,12
633,toilet pumice stone b&q,0,$0,1,4
634,pumice stone karachi,0,$0,1,12
635,is pumice stone hard or soft,0,$0,1,4
636,what is pumice stone definition,0,$0,1,4
637,pumice stone for feet vs toilet,0,$0,1,4
638,pumice stone bad for feet,0,$0,1,4
639,pumice stone nails,0,$0,1,12
640,pumice stone luxuriant hard shell suitcases,0,$0,1,4
641,pedicure pumice stone for sale,0,$0,1,4
642,pumice stone in sea,0,$0,1,4
643,brushing dog with pumice stone,0,$0,1,4
644,pumice stone for feet use,0,$0,1,4
645,how do you use a pumice stone for your feet,0,$0,1,4
646,pumice stone for feet electric,0,$0,1,4
647,how to soften feet without a pumice stone,0,$0,1,4
648,how to clean a toilet bowl with a pumice stone,0,$0,1,4
649,stick pumice stone,0,$0,1,12
650,is pumice stone safe for septic systems,0,$0,1,4
651,pumice stone and nail brush,0,$0,1,4
652,pumice stone and corn,0,$0,1,4
653,how long is pumice stone good for,0,$0,1,4
654,pumice stone at dollar tree,0,$0,1,4
655,pumice stone not removing dry skin,0,$0,1,4
656,callus shaver vs pumice stone,0,$0,1,4
657,what can replace a pumice stone,0,$0,1,4
658,pumice stone kaise banta hai,0,$0,1,4
659,is pumice stone good for body,0,$0,1,4
660,lava exfoliating pumice stone,0,$0,1,4
661,is pumice stone single use,0,$0,1,4
662,why pumice stone is important,0,$0,1,4
663,natural pumice stone cleaning,0,$0,1,4
664,pumice stone for feet wet or dry,0,$0,1,4
665,pumice stone co to za kolor,0,$0,1,4
666,what can pumice stone clean,0,$0,1,4
667,does pumice stone really work,0,$0,1,4
668,falamon pumice stone,0,$0,1,12
669,how often should you replace pumice stone,0,$0,1,4
670,pumice stone for feet reddit,0,$0,1,4
671,pumice stone with soap,0,$0,1,4
672,light blue pumice stone,0,$0,1,4
673,pumice stone king soopers,0,$0,1,4
674,pumice stone and quartz,0,$0,1,4
675,pumice stone keratosis pilaris reddit,0,$0,1,4
676,pumice stone before moisturizing your feet,0,$0,1,4
677,will pumice stone scratch toilet reddit,0,$0,1,4
678,pumice stone kise kahate hain,0,$0,1,4
679,pumice stone vs lava rock for feet,0,$0,1,4
680,pumice stone national park,0,$0,1,4
681,pumice stone and cleaning toilets,0,$0,1,4
682,pumice stone que es en español,0,$0,1,4
683,why is pumice stone added to boiling water,0,$0,1,4
684,is pumice stone safe for diabetics,0,$0,1,4
685,pumice stone good for you,0,$0,1,4
686,pumice stone knife sharpener,0,$0,1,4
687,is pumice stone safe,0,$0,1,4
688,how often to use pumice stone on corn,0,$0,1,4
689,fe pumice stone ref 025,0,$0,1,4
690,pedicure pumice stone for feet,0,$0,1,4
691,pumice stone quarry,0,$0,1,12
692,pumice stone how long does it last,0,$0,1,4
693,pumice stone granite,0,$0,1,12
694,pumice stone for cleaning and feet,0,$0,1,4
695,what is mean pumice stone,0,$0,1,4
696,pumice stone hk,0,$0,1,12
697,pumice stone for aquatic plants,0,$0,1,4
698,pumice stone how to use in tamil,0,$0,1,4
699,cleaning stove with pumice stone,0,$0,1,4
700,how often pumice stone,0,$0,1,4
701,pumice stone quality,0,$0,1,12
702,pumice stone kahan milta hai,0,$0,1,4
703,how long pumice stone,0,$0,1,4
704,how to clean pool tiles with pumice stone,0,$0,1,4
705,pumice stone for feet online shopping,0,$0,1,4
706,pumice stone for feet woolworths,0,$0,1,4
707,pumice stone for feet big w,0,$0,1,4
708,electric foot file vs pumice stone,0,$0,1,4
709,pumice stone shower door,0,$0,1,4
710,bath mat with pumice stone,0,$0,1,4
711,pumice stone b&q,0,$0,1,12
712,pumice stone used in ram setu,0,$0,1,4
713,yaya pumice stone sand dessin,0,$0,1,4
714,pumice stone head,0,$0,1,12
715,pumice stone allergy,0,$0,1,12
716,to buy pumice stone,0,$0,1,4
717,uses for pumice stone cleaning,0,$0,1,4
718,for feet pumice stone,0,$0,1,4
719,pumice stone made feet worse,0,$0,1,4
720,pumice stone mineral,0,$0,1,12
721,pumice stone que significa,0,$0,1,4
722,pumice stone upsc,0,$0,1,12
723,pumice stone rome,0,$0,1,12
724,pumice stone remove calluses,0,$0,1,4
725,pumice stone gif,0,$0,1,12
726,pumice stone hand soap,0,$0,1,4
727,pumice stone mine,0,$0,1,12
728,smudge pot with pumice stone,0,$0,1,4
729,pumice stone slime,0,$0,1,12
730,pumice stone b&m,0,$0,1,12
731,are pumice stone good for corns,0,$0,1,4
732,pumice stone for feet youtube,0,$0,1,4
733,pumice stone damage toilet,0,$0,1,4
734,pumice stone easy drawing,0,$0,1,4
735,pumice stone is used in pedicures,0,$0,1,4
736,pumice stone ki jankari,0,$0,1,4
737,that pumice stone,0,$0,1,12
738,where is pumice stone from,0,$0,1,4
739,how often should i replace pumice stone,0,$0,1,4
740,how often to use pumice stone on stretch marks,0,$0,1,4
741,can you use a pumice stone too much,0,$0,1,4
742,pumice stone elements,0,$0,1,12
743,what is in pumice stone,0,$0,1,4
744,pumice stone for feet dollar general,0,$0,1,4
745,borogo natural pumice stone for feet,0,$0,1,4
746,pumice stone after baby foot peel,0,$0,1,4
747,pumice stone for feet for sale,0,$0,1,4
748,pumice stone to clean cast iron,0,$0,1,4
749,sandpaper vs pumice stone,0,$0,1,4
750,foot scrub or pumice stone,0,$0,1,4
751,can you sharpen a knife with a pumice stone,0,$0,1,4
752,how much pumice stone in soap,0,$0,1,4
753,which side of pumice stone to use,0,$0,1,4
754,what pumice stone can do,0,$0,1,4
755,how often pumice stone feet,0,$0,1,4
756,pumice stone at menards,0,$0,1,4
757,how long pumice stone last,0,$0,1,4
758,another name for pumice stone,0,$0,1,4
759,where to buy pumice stone for plants near me,0,$0,1,4
760,can you use a pumice stone on toenails,0,$0,1,4
761,pumice stone with,0,$0,1,12
762,pumice stone eat,0,$0,1,12
763,pumice stone price in karachi,0,$0,1,4
764,how pumice stone remove hair,0,$0,1,4
765,pumice stone gas stove,0,$0,1,4
766,is pumice stone bad for dogs,0,$0,1,4
767,grill stone vs pumice stone,0,$0,1,4
768,no pumice stone what can i use,0,$0,1,4
769,threshold signature pumice stone,0,$0,1,4
770,change pumice stone,0,$0,1,12
771,luxury pumice stone,0,$0,1,12
772,pumice stone for feet cost,0,$0,1,4
773,pumice stone for feet tips,0,$0,1,4
774,pumice stone for feet shoppers drug mart,0,$0,1,4
775,pumice stone rock feet,0,$0,1,4
776,will a pumice stone dissolve in water,0,$0,1,4
777,pumice stone candle,0,$0,1,12
778,pumice stone jaki to kolor,0,$0,1,4
779,meaning for pumice stone,0,$0,1,4
780,pumice stone used in dentistry,0,$0,1,4
781,pumice stone and face,0,$0,1,4
782,smelly pumice stone,0,$0,1,12
783,pumice stone nz chemist warehouse,0,$0,1,4
784,pumice stone acne,0,$0,1,12
785,cleaning an oven with pumice stone,0,$0,1,4
786,what is the best pumice stone for cleaning toilets,0,$0,1,4
787,pumice stone smytten,0,$0,1,12
788,pumice stone feet corn,0,$0,1,4
789,can pumice stone scratch glass,0,$0,1,4
790,pumice stone rust,0,$0,1,12
791,pumice stone vs leca,0,$0,1,4
792,is pumice stone safe for aquariums,0,$0,1,4
793,pumice stone youtube,0,$0,1,12
794,where to buy pumice stone cleaning,0,$0,1,4
795,pumice stone after shower,0,$0,1,4
796,pumice stone vs cheese grater,0,$0,1,4
797,pumice stone grout,0,$0,1,12
798,pumice stone pedicure kit,0,$0,1,4
799,sandpaper or pumice stone,0,$0,1,4
800,how to remove toilet stains with pumice stone,0,$0,1,4
801,best foot pumice stone for feet,0,$0,1,4
802,pumice stone toilet feet,0,$0,1,4
803,pumice stone for feet ulta,0,$0,1,4
804,pumice stone jean coutu,0,$0,1,4
805,pumice stone for soil mix,0,$0,1,4
806,when should you replace a pumice stone,0,$0,1,4
807,is pumice stone safe for chinchillas,0,$0,1,4
808,2 in 1 pumice stone,0,$0,1,4
809,pumice stone pedicure near me,0,$0,1,4
810,will pumice stone remove hair,0,$0,1,4
811,pumice stone turning yellow,0,$0,1,4
812,pumice stone ruin a toilet,0,$0,1,4
813,pumice stone lake taupo,0,$0,1,4
814,pumice stone essential oil,0,$0,1,4
815,pumice stone urdu,0,$0,1,12
816,pumice stone electorate,0,$0,1,12
817,why use pumice stone on feet,0,$0,1,4
818,pumice stone for cleaning vs feet,0,$0,1,4
819,when is it best to use a pumice stone,0,$0,1,4
820,pumice stone znacenje,0,$0,1,12
821,cleaning toilets with pumice stone,0,$0,1,4
822,pumice stone bathtub stains,0,$0,1,4
823,pumice stone que significa en español,0,$0,1,4
824,why pumice stone floats on water explain,0,$0,1,4
825,pumice stone real,0,$0,1,12
826,pumice stone greece,0,$0,1,12
827,pumice stone luster,0,$0,1,12
828,pumice stone bad for you,0,$0,1,4
829,pumice stone feel like,0,$0,1,4
830,what is pumice stone made up of,0,$0,1,4
831,pumice stone scratched my toilet,0,$0,1,4
832,bathing with pumice stone,0,$0,1,4
833,pumice stone on,0,$0,1,12
834,pumice stone do your feet,0,$0,1,4
835,pumice stone for feet canada,0,$0,1,4
836,amazon.com pumice stone for feet,0,$0,1,4
837,pumice stone smooth feet,0,$0,1,4
838,is a scouring stick the same as a pumice stone,0,$0,1,4
839,pumice stone eq,0,$0,1,12
840,pumice stone tutorial,0,$0,1,12
841,which pumice stone is best,0,$0,1,4
842,pumice stone eating asmr,0,$0,1,4
843,pumice stone vs,0,$0,1,12
844,is pumice stone good for aquarium,0,$0,1,4
845,pumice stone red,0,$0,1,12
846,pumice stone in pool,0,$0,1,4
847,is pumice stone bad for toilet bowl,0,$0,1,4
848,pumice stone new world,0,$0,1,4
849,is pumice stone good for plants,0,$0,1,4
850,pumice stone looks like,0,$0,1,4
851,magic eraser vs pumice stone,0,$0,1,4
852,how to pumice stone wart,0,$0,1,4
853,balnea pumice stone,0,$0,1,12
854,pumice stone for feet benefits,0,$0,1,4
855,corn foot pumice stone,0,$0,1,4
856,how to identify original pumice stone,0,$0,1,4
857,foot scrubbing with a pumice stone or foot file,0,$0,1,4
858,turkish pumice stone,0,$0,1,12
859,is pumice stone bad for feet,0,$0,1,4
860,pumice stone in oven,0,$0,1,4
861,pumice stone lodge caloundra,0,$0,1,4
862,pumice stone mitre 10,0,$0,1,4
863,how many times can you use a pumice stone,0,$0,1,4
864,essential oils pumice stone,0,$0,1,4
865,is pumice stone float on water,0,$0,1,4
866,is pumice stone abrasive,0,$0,1,4
867,can pumice stone remove body hair,0,$0,1,4
868,pumice stone lips,0,$0,1,12
869,pumice stone or foot scrub,0,$0,1,4
870,will pumice stone damage toilet bowl,0,$0,1,4
871,pumice stone for feet in pakistan,0,$0,1,4
872,pumice stone for feet wilko,0,$0,1,4
873,pumice stone smelly feet,0,$0,1,4
874,pumice stone for feet home bargains,0,$0,1,4
875,pumice stone for feet wart,0,$0,1,4
876,pumice stone effects,0,$0,1,12
877,what is a glass pumice stone,0,$0,1,4
878,pumice stone chewing,0,$0,1,12
879,will pumice stone scratch my toilet,0,$0,1,4
880,pumice stone stripping dogs,0,$0,1,4
881,pumice stone for saltwater aquarium,0,$0,1,4
882,quality pumice stone,0,$0,1,12
883,pumice stone qfc,0,$0,1,12
884,pumice stone for dog hair in car,0,$0,1,4
885,3 facts about pumice stone,0,$0,1,4
886,what else can you use instead of a pumice stone,0,$0,1,4
887,pumice stone in japanese,0,$0,1,4
888,pumice stone effect,0,$0,1,12
889,pumice stone not working reddit,0,$0,1,4
890,pumice stone autozone,0,$0,1,12
891,pumice stone benjamin moore,0,$0,1,4
892,pumice stone vs foot rasp,0,$0,1,4
893,from pumice stone,0,$0,1,12
894,how to care for pumice stone,0,$0,1,4
895,pumice stone 5kg,0,$0,1,12
896,4th pumice stone,0,$0,1,12
897,pumice stone harbor freight,0,$0,1,4
898,pumice stone co reviews,0,$0,1,4
899,yaya pumice stone,0,$0,1,12
900,pumice stone jas,0,$0,1,12
901,pumice stone after foot peel,0,$0,1,4
902,pumice stone for feet made in usa,0,$0,1,4
903,pumice stone foot rasp,0,$0,1,4
904,pumice stone for feet dry or wet,0,$0,1,4
905,can you use a pumice stone on ceramic tile,0,$0,1,4
906,procedures pumice stone nyt,0,$0,1,4
907,pumice stone ffxi,0,$0,1,12
908,why does my pumice stone smell,0,$0,1,4
909,how to care for a pumice stone,0,$0,1,4
910,best toilet bowl pumice stone,0,$0,1,4
911,when to replace a pumice stone,0,$0,1,4
912,pumice stone blisters,0,$0,1,12
913,will pumice stone scratch tile,0,$0,1,4
914,pumice stone uses malayalam,0,$0,1,4
915,is pumice stone porous,0,$0,1,4
916,pumice stone 3 in 1,0,$0,1,4
917,onyx professional siliglass pumice stone,0,$0,1,4
918,pumice stone supplier in lahore,0,$0,1,4
919,how often should you change a pumice stone,0,$0,1,4
920,nail brush and pumice stone,0,$0,1,4
921,best time to use pumice stone,0,$0,1,4
922,pumice stone sand yaya,0,$0,1,4
923,pumice stone or foot file first,0,$0,1,4
924,jason pumice stone,0,$0,1,12
925,pumice stone in jeans pocket,0,$0,1,4
926,pumice stone and pumice sponge,0,$0,1,4
927,does using a pumice stone hurt,0,$0,1,4
928,texture of pumice stone,0,$0,1,4
929,urea cream and pumice stone,0,$0,1,4
930,does pumice stone scratch tile,0,$0,1,4
931,will pumice stone scratch porcelain sink,0,$0,1,4
932,natural alternative to pumice stone,0,$0,1,4
933,pumice stone rock type,0,$0,1,4
934,pumice stone rock climbing,0,$0,1,4
935,buy pumice stone for plants,0,$0,1,4
936,what is a pumice stone volcano,0,$0,1,4
937,pumice stone with price,0,$0,1,4
938,pumice stone insulation,0,$0,1,12
939,pumice stone for feet dollar tree,0,$0,1,4
940,pumice stone soft feet,0,$0,1,4
941,top rated pumice stone for feet,0,$0,1,4
942,pumice stone do feet,0,$0,1,4
943,pumice stone for feet uk,0,$0,1,4
944,exfoliate legs with pumice stone,0,$0,1,4
945,how to use pumice stone on foot in malayalam,0,$0,1,4
946,pumice stone how it's made,0,$0,1,4
947,pumice stone toilet cleaner in tamil,0,$0,1,4
948,pumice stone buyers in pakistan,0,$0,1,4
949,when to use pumice stone on feet,0,$0,1,4
950,pumice stone for kitchen sink,0,$0,1,4
951,american pumice stone,0,$0,1,12
952,pumice stone toilet scrubber,0,$0,1,4
953,pumice stone on feet everyday,0,$0,1,4
954,pumice stone foot scrubber buy online,0,$0,1,4
955,youtube pumice stone,0,$0,1,12
956,clean oven pumice stone,0,$0,1,4
957,how to use a pool pumice stone,0,$0,1,4
958,form of pumice stone,0,$0,1,4
959,can pumice stone remove limescale,0,$0,1,4
960,how long do pumice stone last,0,$0,1,4
961,is pumice stone only for feet,0,$0,1,4
962,can pumice stone remove skin tags,0,$0,1,4
963,pumice stone lifespan,0,$0,1,12
964,is it bad to eat pumice stone,0,$0,1,4
965,how often to clean pumice stone,0,$0,1,4
966,are pumice stone,0,$0,1,12
967,is pumice stone co legit,0,$0,1,4
968,pumice stone kaha paya jata hai,0,$0,1,4
969,how to clean toilet pumice stone,0,$0,1,4
970,pumice stone furniture refinishing,0,$0,1,4
971,what is pumice stone in japanese,0,$0,1,4
972,where can i buy pumice stone for plants,0,$0,1,4
973,pumice stone mulch near me,0,$0,1,4
974,what is pumice stone in washing,0,$0,1,4
975,how often use pumice stone,0,$0,1,4
