No,Keyword,Search Volume,CPC,Paid Difficulty
1,"pumice stone","165,000","$0.43","100"
2,"pumice stone for feet","18,100","$0.45","100"
3,"pumice stone for toilet","8,100","$2.02","100"
4,"pumice stone pronunciation","6,600","$0.00","1"
5,"pumice stone for cleaning","5,400","$0.96","100"
6,"pumice stone uses","4,400","$0.00","30"
7,"pumice stone meaning","4,400","$0.00","2"
8,"pumice stone for corn","2,400","$0.27","100"
9,"pumice stone toilet","2,400","$1.28","100"
10,"pumice stone at walmart","1,900","$0.38","100"
11,"pumice stone at home depot","1,600","$0.09","81"
12,"pumice stone cleaning","1,600","$0.98","100"
13,"pumice stone walmart","1,600","$0.24","100"
14,"pumice stone hindi","1,600","$0.00","1"
15,"pumice stone natural","1,600","$0.83","100"
16,"pumice stone is an example of","1,300","$0.00","1"
17,"pumice stone bunnings","1,300","$0.15","100"
18,"pumice stone in tamil","1,300","$0.02","3"
19,"pumice stone home depot","1,300","$0.32","100"
20,"pumice stone to remove hair","1,300","$0.76","100"
21,"pumice stone price","1,000","$0.05","76"
22,"pumice stone for plants","1,000","$0.47","100"
23,"pumice stone for pool","1,000","$0.91","100"
24,"pumice stone amazon","1,000","$0.59","100"
25,"pumice stone definition","1,000","$0.00","7"
26,"pumice stone for body","880","$0.20","99"
27,"pumice stone on face","880","$0.53","99"
28,"pumice stone picture","880","$0.00","60"
29,"pumice stone side effects","720","$0.00","5"
30,"pumice stone for hands","720","$0.50","100"
31,"pumice stone for warts","720","$1.07","92"
32,"pumice stone at target","720","$0.29","100"
33,"pumice stone callus","720","$0.59","100"
34,"pumice stone composition","590","$0.00","4"
35,"pumice stone chemist warehouse","590","$0.49","90"
36,"pumice stone coles","590","$0.00","56"
37,"pumice stone drawing","590","$0.00","1"
38,"pumice stone handle","590","$0.55","100"
39,"pumice stone lowes","590","$0.65","100"
40,"pumice stone lava","590","$0.68","99"
41,"pumice stone benefits","480","$0.00","27"
42,"pumice stone boots","480","$0.13","100"
43,"pumice stone to clean oven","480","$0.42","100"
44,"pumice stone new zealand","480","$0.00","100"
45,"pumice stone cvs","390","$0.37","100"
46,"pumice stone color","390","$0.00","49"
47,"pumice stone dog hair","390","$0.50","99"
48,"pumice stone foot scrubber","390","$0.30","100"
49,"pumice stone grill","390","$0.58","100"
50,"pumice stone large","390","$0.42","100"
51,"pumice stone toilet brush","390","$0.85","100"
52,"pumice stone woolworths","390","$0.00","97"
53,"pumice stone walgreens","390","$0.52","100"
54,"pumice stone aquarium","320","$0.12","99"
55,"pumice stone buy","320","$0.36","100"
56,"pumice stone black","320","$0.21","100"
57,"pumice stone clean toilet","320","$1.51","100"
58,"pumice stone density","320","$0.00","1"
59,"pumice stone for corn removal","320","$0.28","100"
60,"pumice stone kmart","320","$0.45","90"
61,"pumice stone tesco","320","$0.00","100"
62,"pumice stone vega","320","$0.06","97"
63,"pumice stone dollar tree","260","$0.07","100"
64,"pumice stone how to use","260","$0.04","7"
65,"pumice stone in marathi","260","$0.00","1"
66,"pumice stone in telugu","260","$0.00","2"
67,"pumice stone meaning in hindi","260","$0.00","1"
68,"pumice stone on a stick","260","$0.72","100"
69,"pumice stone pantone","260","$0.00","1"
70,"pumice stone passage","260","$0.00","2"
71,"pumice stone uses for cleaning","260","$0.00","92"
72,"pumice stone bulk","210","$0.96","100"
73,"pumice stone exfoliate body","210","$0.19","100"
74,"pumice stone gravel","210","$0.00","99"
75,"pumice stone mulch","210","$0.00","100"
76,"pumice stone powder","210","$0.54","100"
77,"pumice stone priceline","210","$0.00","55"
78,"pumice stone to clean grill","210","$0.72","100"
79,"pumice stone asda","170","$0.00","96"
80,"pumice stone made of","170","$0.00","6"
81,"pumice stone or foot file","170","$0.43","98"
82,"pumice stone with long handle","170","$0.32","100"
83,"pumice stone ace hardware","140","$0.98","100"
84,"pumice stone canadian tire","140","$0.23","99"
85,"pumice stone drill attachment","140","$0.44","100"
86,"pumice stone dollar general","140","$0.00","99"
87,"pumice stone in spanish","140","$0.00","12"
88,"pumice stone legs","140","$0.31","100"
89,"pumice stone origin","140","$0.00","7"
90,"pumice stone plantar wart","140","$0.70","100"
91,"pumice stone superdrug","140","$0.24","99"
92,"pumice stone scrubber","140","$0.41","100"
93,"pumice stone facts","110","$0.00","1"
94,"pumice stone adalah","110","$0.00","67"
95,"pumice stone bath mat","110","$0.80","100"
96,"pumice stone dog grooming","110","$0.44","100"
97,"pumice stone electric","110","$0.48","100"
98,"pumice stone en español","110","$0.00","17"
99,"pumice stone hand callus","110","$0.40","99"
100,"pumice stone lush","110","$0.34","94"
101,"pumice stone malayalam","110","$0.00","4"
102,"pumice stone nail file","110","$0.37","100"
103,"pumice stone plants","110","$0.00","100"
104,"pumice stone pet hair removal","110","$0.54","100"
105,"pumice stone reddit","110","$0.00","3"
106,"pumice stone ram setu","110","$0.00","2"
107,"pumice stone singapore","110","$0.37","100"
108,"pumice stone toilet bowl","110","$1.32","100"
109,"pumice stone bathtub","90","$0.28","100"
110,"pumice stone dm","90","$0.00","71"
111,"pumice stone garden","90","$0.00","100"
112,"pumice stone in kannada","90","$0.00","1"
113,"pumice stone meaning in tamil","90","$0.00","1"
114,"pumice stone machine","90","$0.16","95"
115,"pumice stone nearby","90","$0.00","100"
116,"pumice stone online","90","$0.01","99"
117,"pumice stone rock","90","$0.00","100"
118,"pumice stone soap","90","$0.65","100"
119,"pumice stone wiki","90","$0.00","1"
120,"pumice stone blackstone","70","$0.38","100"
121,"pumice stone dischem","70","$0.00","97"
122,"pumice stone dollarama","70","$0.00","65"
123,"pumice stone exfoliation","70","$0.00","100"
124,"pumice stone hs code","70","$0.00","1"
125,"pumice stone is used for","70","$0.00","1"
126,"pumice stone kya hota hai","70","$0.00","1"
127,"pumice stone meaning in bengali","70","$0.00","1"
128,"pumice stone nail care","70","$0.00","100"
129,"pumice stone on blackstone","70","$0.00","100"
130,"pumice stone oven","70","$0.41","100"
131,"pumice stone roller","70","$0.49","100"
132,"pumice stone shop near me","70","$0.00","96"
133,"pumice stone type of rock","70","$0.00","1"
134,"pumice stone uk","70","$0.65","100"
135,"pumice stone uses for hair removal","70","$0.00","8"
136,"pumice stone ulta","70","$0.45","100"
137,"pumice stone underarm","70","$0.00","87"
138,"pumice stone verruca","70","$0.47","90"
139,"pumice stone volcanic rock","70","$0.00","100"
140,"pumice stone watson","70","$0.23","96"
141,"how often should you use a pumice stone","50","$0.00","27"
142,"pumice stone australia","50","$0.00","100"
143,"pumice stone alternative for toilet","50","$0.00","100"
144,"pumice stone buy online","50","$0.05","93"
145,"pumice stone b&m","50","$0.00","98"
146,"pumice stone big w","50","$0.00","88"
147,"pumice stone dental","50","$0.00","46"
148,"pumice stone example","50","$0.00","1"
149,"pumice stone eating","50","$0.00","9"
150,"pumice stone ebay","50","$0.00","100"
151,"pumice stone elbows","50","$0.58","93"
152,"pumice stone holder","50","$0.41","100"
153,"pumice stone hair removal before and after","50","$0.00","7"
154,"pumice stone is made of","50","$0.00","1"
155,"pumice stone kroger","50","$0.00","99"
156,"pumice stone landscaping","50","$0.00","100"
157,"pumice stone mat","50","$0.97","100"
158,"pumice stone meijer","50","$0.00","100"
159,"pumice stone meaning in telugu","50","$0.00","1"
160,"pumice stone on glass","50","$0.00","73"
161,"pumice stone on wet or dry feet","50","$0.00","8"
162,"pumice stone para que sirve","50","$0.00","57"
163,"pumice stone shoppers","50","$0.12","88"
164,"pumice stone scouring stick","50","$0.70","100"
165,"pumice stone scratch toilet","50","$0.00","88"
166,"pumice stone tcx","50","$0.00","1"
167,"pumice stone uses in tamil","50","$0.00","1"
168,"pumice stone what is it","50","$0.00","28"
169,"pumice stone mitre 10","40","$0.00","93"
170,"pumice stone aquarium filter","40","$0.00","100"
171,"pumice stone cost","40","$0.00","100"
172,"pumice stone diabetes","40","$0.00","38"
173,"pumice stone glass top stove","40","$0.00","100"
174,"pumice stone grinding wheel","40","$0.00","100"
175,"pumice stone is which type of rock","40","$0.00","1"
176,"pumice stone in swahili","40","$0.00","1"
177,"pumice stone in french","40","$0.00","31"
178,"pumice stone jeans","40","$0.00","88"
179,"pumice stone japan","40","$0.00","100"
180,"pumice stone washing jeans","40","$0.00","25"
181,"pumice stone kenya","40","$0.00","83"
182,"pumice stone lint remover","40","$0.00","99"
183,"pumice stone menards","40","$0.00","100"
184,"pumice stone nedir","40","$0.00","5"
185,"pumice stone on glass stove top","40","$0.00","98"
186,"pumice stone on stainless steel","40","$0.00","22"
187,"pumice stone replacement","40","$0.00","66"
188,"pumice stone rite aid","40","$0.00","94"
189,"pumice stone reviews","40","$0.00","26"
190,"pumice stone sun haven","40","$0.00","1"
191,"pumice stone uses for plants","40","$0.00","84"
192,"pumice stone uses in hindi","40","$0.00","1"
193,"yellow pumice stone","40","$0.00","100"
194,"pumice stone daraz","30","$0.00","1"
195,"pumice stone not working","30","$0.00","1"
196,"can you exfoliate with a pumice stone","30","$0.00","6"
197,"can you clean pumice stone","30","$0.00","1"
198,"pumice stone alternative for feet","30","$0.00","96"
199,"pumice stone home bargains","30","$0.00","99"
200,"pumice stone heb","30","$0.00","92"
201,"pumice stone limescale toilet","30","$0.00","100"
202,"pumice stone made up of","30","$0.00","1"
203,"does pumice stone dissolve in water","30","$0.00","1"
204,"pumice stone rash","30","$0.00","2"
205,"pumice stone supplier","30","$0.00","93"
206,"pumice stone to remove pet hair","30","$0.62","100"
207,"pumice stone to clean toilet ring","30","$2.36","100"
208,"pumice stone uses for feet","30","$0.00","71"
209,"what grit is pumice stone","20","$0.00","50"
210,"pumice stone 3 in 1","20","$0.00","100"
211,"pumice stone 99 cent store","20","$0.00","100"
212,"pumice stone glass","20","$0.00","100"
213,"pumice stone griddle","20","$0.00","100"
214,"pumice stone guardian","20","$0.00","96"
215,"pumice stone grit","20","$0.00","100"
216,"pumice stone how to use on feet","20","$0.00","51"
217,"pumice stone how to clean","20","$0.00","2"
218,"pumice stone hindi name","20","$0.00","1"
219,"pumice stone keratosis pilaris","20","$0.00","51"
220,"pumice stone kaha milega","20","$0.00","3"
221,"pumice stone lava rock","20","$0.00","80"
222,"pumice stone not working on feet","20","$0.00","1"
223,"pumice stone rate","20","$0.00","26"
224,"pumice stone turkey","20","$6.32","51"
225,"pumice stone types","20","$0.00","40"
226,"pumice stone eczema","10","$0.00","27"
227,"pumice stone german","10","$0.00","50"
228,"pumice stone jewelry","10","$0.00","100"
229,"pumice stone beach japan","10","$0.00","1"
230,"pumice stone kruidvat","10","$0.00","96"
231,"pumice stone kaise banta hai","10","$0.00","1"
232,"pumice stone kuwait","10","$0.00","95"
233,"pumice stone kmart australia","10","$0.00","100"
234,"pumice stone leg hair","10","$0.00","71"
235,"pumice stone limescale","10","$0.00","100"
236,"pumice stone london drugs","10","$0.00","90"
237,"pumice stone qatar","10","$0.00","38"
238,"pumice stone raw","10","$0.00","100"
239,"pumice stone supplier in karachi","10","$0.00","9"
240,"pumice stone use wet or dry","10","$0.00","23"
241,"pumice stone uses in telugu","10","$0.00","1"
242,"pumice stone wet or dry skin","10","$0.00","11"
243,"zenda pumice stone","10","$0.00","1"
244,"pumice stone on","0","$0.00","1"
245,"fe pumice stone ref 025","0","$0.00","1"
246,"pumice stone 1197","0","$0.00","1"
247,"pumice stone 4f","0","$0.00","1"
248,"pumice stone 5kg","0","$0.00","1"
249,"pumice stone at dollar tree","0","$0.00","1"
250,"pumice stone clicks","0","$0.00","1"
251,"pumice stone essential oil","0","$0.00","1"
252,"pumice stone eq","0","$0.00","1"
253,"pumice stone equivalent","0","$0.00","1"
254,"pumice stone electorate","0","$0.00","1"
255,"pumice stone for feet price in pakistan","0","$0.00","1"
256,"pumice stone greek","0","$0.00","1"
257,"pumice stone gnats","0","$0.00","1"
258,"pumice stone greece","0","$0.00","1"
259,"pumice stone jumia","0","$0.00","1"
260,"pumice stone jean coutu","0","$0.00","1"
261,"pumice stone in jeans pocket","0","$0.00","1"
262,"pumice stone in japanese","0","$0.00","1"
263,"pumice stone ki jankari","0","$0.00","1"
264,"jason pumice stone","0","$0.00","1"
265,"pumice stone jas","0","$0.00","1"
266,"pumice stone jacka","0","$0.00","1"
267,"pumice stone jaki to kolor","0","$0.00","1"
268,"pumice stone kya hai","0","$0.00","1"
269,"pumice stone king soopers","0","$0.00","1"
270,"pumice stone knife sharpener","0","$0.00","1"
271,"pumice stone keratosis pilaris reddit","0","$0.00","1"
272,"pumice stone lidl","0","$0.00","1"
273,"pumice stone lietuviskai","0","$0.00","1"
274,"pumice stone lodge caloundra","0","$0.00","1"
275,"pumice stone nairobi","0","$0.00","1"
276,"pumice stone not working reddit","0","$0.00","1"
277,"pumice stone new world","0","$0.00","1"
278,"pumice stone not working on toilet","0","$0.00","1"
279,"pumice stone national park","0","$0.00","1"
280,"pumice stone qfc","0","$0.00","1"
281,"pumice stone que significa","0","$0.00","1"
282,"pumice stone que es en español","0","$0.00","1"
283,"pumice stone with quartz","0","$0.00","1"
284,"pumice stone b&q","0","$0.00","1"
285,"pumice stone que veut dire","0","$0.00","1"
286,"pumice stone que significa en español","0","$0.00","1"
287,"pumice stones que es","0","$0.00","1"
288,"pumice stone red","0","$0.00","1"
289,"pumice stone real","0","$0.00","1"
290,"pumice stone road","0","$0.00","1"
291,"pumice stone realty","0","$0.00","1"
292,"pumice stone urdu","0","$0.00","1"
293,"pumice stone upsc","0","$0.00","1"
294,"pumice stone volcano","0","$0.00","1"
295,"pumice stone volcanic","0","$0.00","1"
296,"pumice stone vs","0","$0.00","1"
297,"pumice stone youtube","0","$0.00","1"
298,"pumice stone turning yellow","0","$0.00","1"
299,"pumice stone toilet youtube","0","$0.00","1"
300,"pumice stone on your face","0","$0.00","1"
301,"pumice stone for your skin","0","$0.00","1"
302,"pumice stone do your feet","0","$0.00","1"
303,"pumice stone for feet youtube","0","$0.00","1"
304,"pumice stone bad for you","0","$0.00","1"
305,"pumice stone good for you","0","$0.00","1"
306,"pumice stone before moisturizing your feet","0","$0.00","1"
307,"pumice stone sand yaya","0","$0.00","1"
308,"yaya pumice stone sand dessin","0","$0.00","1"
309,"yaya pumice stone","0","$0.00","1"
310,"pumice stone znacenje","0","$0.00","1"
311,"pumice stone co to znaczy","0","$0.00","1"
312,"pumice stone co to za kolor","0","$0.00","1"
313,"how do you sanitize a pumice stone","0","$0.00","1"
314,"do you need to clean a pumice stone","0","$0.00","1"
